<?xml version="1.0" encoding="UTF-8"?>
<metadata modelVersion="1.1.0">
  <groupId>smartlab.ws</groupId>
  <artifactId>reforest</artifactId>
  <version>1.2-SNAPSHOT</version>
  <versioning>
    <snapshot>
      <localCopy>true</localCopy>
    </snapshot>
    <lastUpdated>20170726113628</lastUpdated>
    <snapshotVersions>
      <snapshotVersion>
        <extension>jar</extension>
        <value>1.2-SNAPSHOT</value>
        <updated>20170726113628</updated>
      </snapshotVersion>
      <snapshotVersion>
        <extension>pom</extension>
        <value>1.2-SNAPSHOT</value>
        <updated>20170726113628</updated>
      </snapshotVersion>
    </snapshotVersions>
  </versioning>
</metadata>
